timestamp,protocol,source_ip,destination_ip,source_port,destination_port,isTor,isVPN,isNormal
2026-06-18 06:21:12.448162,TCP,104.108.159.87,192.168.1.9,443,58124,0.313695,0.404334,0.281971
2026-06-18 06:20:14.390298,TCP,104.108.159.87,192.168.1.9,443,58176,0.936473,0.033864,0.029663
2026-06-18 06:20:29.357287,TCP,104.108.159.87,192.168.1.9,443,58223,0.891846,0.050251,0.057903
2026-06-18 06:21:08.274389,TCP,104.108.159.87,192.168.1.9,443,58245,0.878687,0.073955,0.047358
2026-06-18 06:20:27.213780,TCP,104.71.61.203,192.168.1.9,443,58222,0.630752,0.183853,0.185396
2026-06-18 06:59:14.747531,TCP,146.59.15.186,192.168.1.9,9001,49313,0.946457,0.016219,0.037324
2026-06-18 06:19:53.225789,TCP,17.111.103.20,192.168.1.9,443,58231,0.868784,0.047219,0.083996
2026-06-18 06:27:57.596069,TCP,17.111.103.20,192.168.1.9,443,58264,0.824434,0.084855,0.090712
2026-06-18 06:20:46.180751,TCP,17.138.175.254,192.168.1.9,443,58190,0.912671,0.035009,0.052320
2026-06-18 06:22:56.240755,TCP,17.167.200.72,192.168.1.9,443,58252,0.947128,0.021101,0.031770
2026-06-18 06:21:13.606022,TCP,17.171.98.34,192.168.1.9,443,58247,0.837033,0.102257,0.060710
2026-06-18 06:21:26.717860,TCP,17.171.98.38,192.168.1.9,443,58248,0.948254,0.023028,0.028718
2026-06-18 06:21:35.193667,TCP,17.171.98.38,192.168.1.9,443,58251,0.876519,0.044255,0.079226
2026-06-18 06:42:09.895016,TCP,17.23.18.34,192.168.1.9,443,58265,0.906721,0.057660,0.035619
2026-06-18 06:23:17.269339,TCP,17.242.13.4,192.168.1.9,5223,58225,0.893719,0.044028,0.062253
2026-06-18 06:23:16.400689,TCP,17.248.216.132,192.168.1.9,443,58254,0.957111,0.013969,0.028919
2026-06-18 07:04:52.592363,TCP,17.253.18.195,192.168.1.9,443,58286,0.916678,0.025348,0.057974
2026-06-18 06:20:12.662410,TCP,17.253.18.196,192.168.1.9,443,58238,0.910855,0.027470,0.061676
2026-06-18 06:21:27.936825,TCP,17.253.18.196,192.168.1.9,443,58249,0.731615,0.153331,0.115054
2026-06-18 06:20:15.485786,TCP,17.253.18.198,192.168.1.9,443,58227,0.890179,0.057718,0.052103
2026-06-18 06:53:42.885065,TCP,17.253.18.198,192.168.1.9,443,58276,0.842374,0.096944,0.060682
2026-06-18 06:53:42.885647,TCP,17.253.18.198,192.168.1.9,443,58277,0.826474,0.118245,0.055282
2026-06-18 06:20:24.737277,TCP,17.253.18.199,192.168.1.9,443,58239,0.775382,0.054863,0.169755
2026-06-18 06:22:56.336360,TCP,17.253.18.199,192.168.1.9,443,58253,0.874426,0.045079,0.080494
2026-06-18 06:23:16.663469,TCP,17.253.18.201,192.168.1.9,443,58255,0.930580,0.043651,0.025769
2026-06-18 06:54:57.481833,TCP,17.253.18.201,192.168.1.9,443,58283,0.914757,0.037105,0.048138
2026-06-18 06:54:57.482369,TCP,17.253.18.201,192.168.1.9,443,58284,0.931269,0.029556,0.039176
2026-06-18 06:20:07.744036,TCP,17.253.18.202,192.168.1.9,443,58232,0.900249,0.066179,0.033572
2026-06-18 06:52:18.554008,TCP,17.253.18.202,192.168.1.9,443,58271,0.966268,0.016447,0.017285
2026-06-18 06:52:18.554893,TCP,17.253.18.202,192.168.1.9,443,58272,0.938766,0.024900,0.036334
2026-06-18 06:52:19.139309,TCP,17.253.18.202,192.168.1.9,443,58275,0.950185,0.019760,0.030055
2026-06-18 06:54:18.173777,TCP,17.253.18.202,192.168.1.9,443,58280,0.864807,0.030261,0.104932
2026-06-18 06:54:18.174320,TCP,17.253.18.202,192.168.1.9,443,58281,0.946246,0.021097,0.032657
2026-06-18 06:53:46.898996,TCP,17.253.18.202,192.168.1.9,80,58279,0.941112,0.024503,0.034385
2026-06-18 06:54:22.225655,TCP,17.253.18.202,192.168.1.9,80,58282,0.921268,0.049707,0.029025
2026-06-18 06:52:18.555616,TCP,17.253.18.207,192.168.1.9,443,58273,0.953654,0.021647,0.024699
2026-06-18 06:55:01.452365,TCP,17.253.18.207,192.168.1.9,80,58285,0.921664,0.050314,0.028022
2026-06-18 06:21:13.557534,TCP,17.253.18.208,192.168.1.9,443,58246,0.891571,0.054233,0.054196
2026-06-18 06:52:18.870949,TCP,17.253.18.210,192.168.1.9,443,58274,0.926932,0.035053,0.038015
2026-06-18 06:19:57.389939,TCP,17.253.85.133,192.168.1.9,443,58125,0.882995,0.053532,0.063473
2026-06-18 06:19:55.436338,TCP,17.253.85.133,192.168.1.9,443,58131,0.917693,0.039314,0.042993
2026-06-18 06:20:02.243497,TCP,17.253.85.135,192.168.1.9,443,58161,0.941620,0.026584,0.031796
2026-06-18 06:20:02.668076,TCP,17.253.85.135,192.168.1.9,443,58170,0.876777,0.059923,0.063300
2026-06-18 06:20:01.041433,TCP,17.253.85.137,192.168.1.9,443,58181,0.792140,0.069633,0.138227
2026-06-18 06:19:56.788833,TCP,17.253.85.139,192.168.1.9,443,58115,0.887082,0.051817,0.061101
2026-06-18 06:21:01.865380,TCP,17.253.85.139,192.168.1.9,443,58136,0.604009,0.069771,0.326219
2026-06-18 06:19:57.376183,TCP,17.253.85.139,192.168.1.9,443,58145,0.898115,0.041713,0.060171
2026-06-18 06:20:03.730133,TCP,17.253.85.139,192.168.1.9,443,58153,0.720458,0.071678,0.207863
2026-06-18 06:19:54.933096,TCP,17.253.85.139,192.168.1.9,443,58156,0.922045,0.027655,0.050299
2026-06-18 06:19:52.493704,TCP,17.253.85.139,192.168.1.9,443,58157,0.950208,0.022616,0.027176
2026-06-18 06:19:58.267788,TCP,17.253.85.139,192.168.1.9,443,58159,0.852834,0.053193,0.093973
2026-06-18 06:20:01.003597,TCP,17.253.85.139,192.168.1.9,443,58160,0.943191,0.025059,0.031750
2026-06-18 06:19:59.742293,TCP,17.253.85.139,192.168.1.9,443,58163,0.872396,0.055495,0.072108
2026-06-18 06:19:57.353899,TCP,17.253.85.139,192.168.1.9,443,58168,0.862061,0.043343,0.094596
2026-06-18 06:19:59.080084,TCP,17.253.85.139,192.168.1.9,443,58169,0.884434,0.056707,0.058858
2026-06-18 06:19:59.971143,TCP,17.253.85.139,192.168.1.9,443,58191,0.697513,0.108326,0.194161
2026-06-18 06:19:58.741931,TCP,17.253.85.139,192.168.1.9,443,58195,0.889164,0.060741,0.050095
2026-06-18 06:20:04.575298,TCP,17.253.85.139,192.168.1.9,443,58203,0.922748,0.031695,0.045557
2026-06-18 06:20:03.276016,TCP,17.253.85.139,192.168.1.9,443,58204,0.938068,0.027370,0.034563
2026-06-18 06:20:08.132438,TCP,17.253.85.141,192.168.1.9,443,58233,0.897528,0.069547,0.032926
2026-06-18 06:23:21.323587,TCP,17.32.214.124,192.168.1.9,443,58258,0.977330,0.014676,0.007993
2026-06-18 06:23:22.107047,TCP,17.32.214.124,192.168.1.9,443,58259,0.868083,0.073156,0.058762
2026-06-18 06:23:22.107604,TCP,17.32.214.124,192.168.1.9,443,58260,0.925744,0.041662,0.032594
2026-06-18 06:23:22.108332,TCP,17.32.214.124,192.168.1.9,443,58261,0.915138,0.041622,0.043239
2026-06-18 06:23:22.109563,TCP,17.32.214.124,192.168.1.9,443,58262,0.950930,0.011760,0.037310
2026-06-18 06:23:22.111477,TCP,17.32.214.124,192.168.1.9,443,58263,0.917626,0.040333,0.042041
2026-06-18 06:20:09.087764,TCP,185.86.67.240,192.168.1.9,443,58234,0.873478,0.079899,0.046623
2026-06-18 06:20:10.242488,TCP,185.86.67.240,192.168.1.9,443,58235,0.917128,0.038068,0.044804
2026-06-18 06:20:11.882292,TCP,185.86.67.240,192.168.1.9,443,58237,0.925248,0.047452,0.027300
2026-06-18 06:23:17.846329,TCP,185.86.67.240,192.168.1.9,443,58257,0.889126,0.056821,0.054052
2026-06-18 06:22:17.922553,TCP,192.168.1.5,192.168.1.9,50762,7000,0.868809,0.096821,0.034370
2026-06-18 06:27:21.540806,TCP,192.168.1.5,192.168.1.9,50766,7000,0.909894,0.064173,0.025933
2026-06-18 06:28:50.691440,TCP,192.168.1.5,192.168.1.9,50768,7000,0.741361,0.161861,0.096777
2026-06-18 06:29:30.211860,TCP,192.168.1.5,192.168.1.9,50769,7000,0.727517,0.200738,0.071744
2026-06-18 06:29:38.204715,TCP,192.168.1.5,192.168.1.9,50770,7000,0.664945,0.176348,0.158707
2026-06-18 06:29:48.747223,TCP,192.168.1.5,192.168.1.9,50771,7000,0.911937,0.060257,0.027807
2026-06-18 06:31:03.394846,TCP,192.168.1.5,192.168.1.9,50774,7000,0.842452,0.082969,0.074579
2026-06-18 06:35:32.230996,TCP,192.168.1.5,192.168.1.9,50775,7000,0.904760,0.058369,0.036871
2026-06-18 06:36:15.967926,TCP,192.168.1.5,192.168.1.9,50778,7000,0.865752,0.067003,0.067244
2026-06-18 06:45:06.615249,TCP,192.168.1.5,192.168.1.9,50782,7000,0.827888,0.096625,0.075487
2026-06-18 06:45:41.892698,TCP,192.168.1.5,192.168.1.9,50783,7000,0.886849,0.054108,0.059043
2026-06-18 07:02:47.167102,TCP,192.168.1.5,192.168.1.9,50788,7000,0.762981,0.150264,0.086756
2026-06-18 06:19:30.880585,TCP,192.168.1.9,192.42.116.161,49155,443,0.923792,0.037485,0.038723
2026-06-18 06:20:11.109271,TCP,192.168.1.9,67.163.153.240,49158,8092,0.908416,0.054826,0.036758
2026-06-18 06:20:20.342427,TCP,192.168.1.9,51.75.206.12,49159,9000,0.867738,0.084052,0.048210
2026-06-18 06:55:07.387983,TCP,192.168.1.9,37.221.209.76,49282,9100,0.864921,0.081396,0.053683
2026-06-18 06:21:10.272571,TCP,192.168.1.9,65.0.143.174,58128,443,0.555335,0.045951,0.398715
2026-06-18 06:21:10.439584,TCP,192.168.1.9,65.0.143.174,58154,443,0.521148,0.072082,0.406770
2026-06-18 06:20:10.835733,TCP,192.168.1.9,23.44.236.187,58155,443,0.923863,0.030235,0.045902
2026-06-18 06:20:14.519456,TCP,192.168.1.9,23.15.34.109,58201,443,0.816345,0.128676,0.054979
2026-06-18 06:20:18.459258,TCP,192.168.1.9,23.15.34.48,58209,443,0.832589,0.101267,0.066144
2026-06-18 06:21:21.078214,TCP,192.168.1.9,35.154.111.35,58210,443,0.870994,0.073889,0.055117
2026-06-18 06:20:26.893924,TCP,192.168.1.9,23.15.34.48,58218,443,0.928118,0.023404,0.048478
2026-06-18 06:19:50.986900,TCP,192.168.1.9,23.208.66.127,58229,443,0.900766,0.030312,0.068922
2026-06-18 06:20:11.785532,TCP,192.168.1.9,23.15.34.88,58236,443,0.919953,0.042320,0.037727
2026-06-18 06:20:25.047083,TCP,192.168.1.9,35.154.111.35,58240,443,0.931111,0.015812,0.053077
2026-06-18 06:20:25.074312,TCP,192.168.1.9,52.220.188.161,58241,443,0.932044,0.042041,0.025915
2026-06-18 06:20:25.364910,TCP,192.168.1.9,35.154.111.35,58242,443,0.891456,0.066184,0.042360
2026-06-18 06:20:41.057043,TCP,192.168.1.9,192.178.158.100,58243,443,0.837344,0.069369,0.093287
2026-06-18 06:20:42.548960,TCP,192.168.1.9,216.239.36.223,58244,443,0.937015,0.042781,0.020204
2026-06-18 06:21:27.938646,TCP,192.168.1.9,23.11.39.161,58250,80,0.831107,0.033726,0.135166
2026-06-18 06:23:16.702165,TCP,192.168.1.9,23.50.12.150,58256,443,0.844669,0.042718,0.112613
2026-06-18 06:42:55.753462,TCP,192.168.1.9,35.154.111.35,58266,443,0.941204,0.034222,0.024574
2026-06-18 06:50:23.280731,TCP,192.168.1.9,23.192.98.111,58267,443,0.927917,0.036261,0.035822
2026-06-18 06:50:23.419912,TCP,192.168.1.9,23.192.98.111,58268,443,0.903224,0.048117,0.048660
2026-06-18 06:50:23.427058,TCP,192.168.1.9,23.192.98.111,58269,443,0.866753,0.090911,0.042336
2026-06-18 06:50:23.431042,TCP,192.168.1.9,23.192.98.111,58270,443,0.951414,0.028230,0.020356
2026-06-18 06:53:46.427188,TCP,192.168.1.9,216.239.34.223,58278,443,0.632750,0.131267,0.235983
2026-06-18 06:52:18.394137,UDP,0.0.0.0,255.255.255.255,68,67,0.352195,0.027743,0.620063
2026-06-18 06:38:07.505523,UDP,142.250.205.206,192.168.1.9,443,49689,0.893531,0.058917,0.047552
2026-06-18 06:38:04.626386,UDP,142.250.205.206,192.168.1.9,443,50426,0.865704,0.082122,0.052174
2026-06-18 06:38:05.361536,UDP,142.250.205.206,192.168.1.9,443,59525,0.886948,0.059212,0.053841
2026-06-18 06:38:06.171917,UDP,142.250.205.206,192.168.1.9,443,61074,0.879664,0.036520,0.083816
2026-06-18 06:38:06.784828,UDP,142.250.205.206,192.168.1.9,443,63107,0.881598,0.070521,0.047881
2026-06-18 06:38:08.335278,UDP,142.250.205.206,192.168.1.9,443,63404,0.874501,0.076964,0.048535
2026-06-18 07:12:56.489601,UDP,142.250.206.110,192.168.1.9,443,49622,0.906299,0.042760,0.050941
2026-06-18 06:53:53.080674,UDP,142.250.206.110,192.168.1.9,443,50492,0.928836,0.050621,0.020543
2026-06-18 07:12:57.944006,UDP,142.250.206.110,192.168.1.9,443,51012,0.877254,0.061552,0.061195
2026-06-18 06:53:53.783490,UDP,142.250.206.110,192.168.1.9,443,52565,0.877040,0.051018,0.071942
2026-06-18 07:12:58.505132,UDP,142.250.206.110,192.168.1.9,443,52758,0.894213,0.081301,0.024486
2026-06-18 06:53:58.997264,UDP,142.250.206.110,192.168.1.9,443,54738,0.912282,0.051792,0.035926
2026-06-18 06:53:59.836225,UDP,142.250.206.110,192.168.1.9,443,54749,0.869038,0.067501,0.063461
2026-06-18 07:12:57.334980,UDP,142.250.206.110,192.168.1.9,443,54978,0.886190,0.071682,0.042128
2026-06-18 06:53:52.333541,UDP,142.250.206.110,192.168.1.9,443,55494,0.882008,0.039255,0.078737
2026-06-18 06:53:58.283990,UDP,142.250.206.110,192.168.1.9,443,58484,0.919710,0.049717,0.030573
2026-06-18 07:12:59.226467,UDP,142.250.206.110,192.168.1.9,443,60242,0.892093,0.052342,0.055565
2026-06-18 07:12:55.747245,UDP,142.250.206.110,192.168.1.9,443,61260,0.864776,0.091209,0.044015
2026-06-18 06:50:23.863284,UDP,151.101.107.6,192.168.1.9,443,60231,0.831296,0.051602,0.117102
2026-06-18 06:19:33.172735,UDP,17.248.239.10,192.168.1.9,443,49401,0.353367,0.067150,0.579483
2026-06-18 06:20:07.976497,UDP,17.248.239.10,192.168.1.9,443,49517,0.850530,0.096655,0.052815
2026-06-18 06:53:44.097277,UDP,17.248.239.10,192.168.1.9,443,49800,0.886404,0.068390,0.045206
2026-06-18 06:53:36.701042,UDP,17.248.239.10,192.168.1.9,443,49977,0.884702,0.071477,0.043821
2026-06-18 06:20:40.773867,UDP,17.248.239.10,192.168.1.9,443,50971,0.888186,0.044437,0.067377
2026-06-18 06:20:59.017092,UDP,17.248.239.10,192.168.1.9,443,51383,0.860150,0.078758,0.061092
2026-06-18 06:21:13.739889,UDP,17.248.239.10,192.168.1.9,443,51864,0.884439,0.059666,0.055896
2026-06-18 06:21:14.399813,UDP,17.248.239.10,192.168.1.9,443,52071,0.864118,0.073529,0.062353
2026-06-18 06:19:34.642878,UDP,17.248.239.10,192.168.1.9,443,53120,0.438624,0.059484,0.501892
2026-06-18 06:21:08.309771,UDP,17.248.239.10,192.168.1.9,443,55558,0.889692,0.056744,0.053563
2026-06-18 06:22:59.137307,UDP,17.248.239.10,192.168.1.9,443,56452,0.904607,0.048437,0.046957
2026-06-18 06:23:33.004869,UDP,17.248.239.10,192.168.1.9,443,56485,0.842083,0.077829,0.080088
2026-06-18 06:21:30.141682,UDP,17.248.239.10,192.168.1.9,443,57084,0.854833,0.063129,0.082038
2026-06-18 06:21:14.405735,UDP,17.248.239.10,192.168.1.9,443,60661,0.912429,0.057371,0.030199
2026-06-18 06:22:58.811428,UDP,17.248.239.10,192.168.1.9,443,62152,0.876768,0.033578,0.089654
2026-06-18 06:20:08.083213,UDP,17.248.239.10,192.168.1.9,443,63784,0.878120,0.059697,0.062183
2026-06-18 06:19:42.748434,UDP,17.248.239.10,192.168.1.9,443,63795,0.378473,0.048700,0.572828
2026-06-18 06:23:00.211283,UDP,17.248.239.10,192.168.1.9,443,64463,0.899392,0.051412,0.049197
2026-06-18 06:20:09.165024,UDP,17.248.239.10,192.168.1.9,443,65386,0.902200,0.047857,0.049943
2026-06-18 06:25:08.287689,UDP,17.248.239.65,192.168.1.9,443,56497,0.892916,0.048021,0.059062
2026-06-18 06:21:13.804508,UDP,17.248.239.66,192.168.1.9,443,56055,0.863506,0.048337,0.088157
2026-06-18 06:34:07.269419,UDP,17.253.18.131,192.168.1.9,123,123,0.658092,0.160154,0.181754
2026-06-18 06:50:05.420425,UDP,17.253.18.99,192.168.1.9,123,123,0.442648,0.193173,0.364178
2026-06-18 06:34:05.175806,UDP,17.253.60.45,192.168.1.9,123,123,0.293854,0.099634,0.606513
2026-06-18 06:20:40.460929,UDP,172.64.68.64,192.168.1.9,443,54316,0.874701,0.039482,0.085817
2026-06-18 06:53:46.879778,UDP,192.168.1.1,192.168.1.9,53,49217,0.508534,0.094465,0.397001
2026-06-18 06:52:18.315746,UDP,192.168.1.1,192.168.1.9,53,49238,0.304231,0.097936,0.597833
2026-06-18 06:23:09.765394,UDP,192.168.1.1,192.168.1.9,53,49277,0.531708,0.129385,0.338907
2026-06-18 06:20:41.014587,UDP,192.168.1.1,192.168.1.9,53,49342,0.663165,0.082666,0.254169
2026-06-18 06:50:23.843576,UDP,192.168.1.1,192.168.1.9,53,49412,0.420365,0.157316,0.422318
2026-06-18 07:04:52.563440,UDP,192.168.1.1,192.168.1.9,53,49438,0.515469,0.153048,0.331482
2026-06-18 06:54:02.166918,UDP,192.168.1.1,192.168.1.9,53,49602,0.439840,0.087978,0.472182
2026-06-18 06:20:08.732375,UDP,192.168.1.1,192.168.1.9,53,49682,0.317707,0.116954,0.565339
2026-06-18 06:52:18.315750,UDP,192.168.1.1,192.168.1.9,53,49759,0.838373,0.071770,0.089857
2026-06-18 06:54:57.745310,UDP,192.168.1.1,192.168.1.9,53,49950,0.492747,0.131347,0.375905
2026-06-18 06:23:16.384012,UDP,192.168.1.1,192.168.1.9,53,50274,0.407289,0.067761,0.524950
2026-06-18 06:20:40.438991,UDP,192.168.1.1,192.168.1.9,53,50443,0.594423,0.095503,0.310074
2026-06-18 06:52:18.901766,UDP,192.168.1.1,192.168.1.9,53,50486,0.631890,0.079525,0.288585
2026-06-18 06:20:08.118125,UDP,192.168.1.1,192.168.1.9,53,50503,0.631937,0.055314,0.312749
2026-06-18 06:20:07.726670,UDP,192.168.1.1,192.168.1.9,53,50660,0.621327,0.082873,0.295800
2026-06-18 06:52:18.315752,UDP,192.168.1.1,192.168.1.9,53,50956,0.472853,0.129755,0.397391
2026-06-18 06:20:09.070368,UDP,192.168.1.1,192.168.1.9,53,51049,0.477067,0.089256,0.433677
2026-06-18 07:04:52.563208,UDP,192.168.1.1,192.168.1.9,53,51051,0.577986,0.113549,0.308465
2026-06-18 06:42:09.879454,UDP,192.168.1.1,192.168.1.9,53,51103,0.550199,0.066798,0.383003
2026-06-18 06:52:18.315737,UDP,192.168.1.1,192.168.1.9,53,51106,0.809549,0.087276,0.103176
2026-06-18 06:23:16.643263,UDP,192.168.1.1,192.168.1.9,53,51115,0.677408,0.046775,0.275817
2026-06-18 06:53:46.880060,UDP,192.168.1.1,192.168.1.9,53,51123,0.445377,0.097060,0.457562
2026-06-18 06:23:16.395700,UDP,192.168.1.1,192.168.1.9,53,51153,0.562040,0.043333,0.394627
2026-06-18 06:50:23.273721,UDP,192.168.1.1,192.168.1.9,53,51183,0.413506,0.089371,0.497123
2026-06-18 06:23:16.383866,UDP,192.168.1.1,192.168.1.9,53,51204,0.554686,0.065305,0.380009
2026-06-18 06:21:27.925998,UDP,192.168.1.1,192.168.1.9,53,51332,0.602068,0.059875,0.338058
2026-06-18 06:50:23.265095,UDP,192.168.1.1,192.168.1.9,53,51353,0.623554,0.092022,0.284424
2026-06-18 06:53:43.204034,UDP,192.168.1.1,192.168.1.9,53,51689,0.588125,0.087887,0.323988
2026-06-18 06:54:02.167141,UDP,192.168.1.1,192.168.1.9,53,51723,0.429674,0.135172,0.435154
2026-06-18 07:04:52.563211,UDP,192.168.1.1,192.168.1.9,53,51773,0.652629,0.093956,0.253414
2026-06-18 06:20:42.534683,UDP,192.168.1.1,192.168.1.9,53,51811,0.337376,0.119241,0.543382
2026-06-18 06:21:26.693868,UDP,192.168.1.1,192.168.1.9,53,51847,0.693472,0.072235,0.234294
2026-06-18 07:04:52.563205,UDP,192.168.1.1,192.168.1.9,53,51955,0.455418,0.056909,0.487674
2026-06-18 06:23:16.654064,UDP,192.168.1.1,192.168.1.9,53,52214,0.670345,0.050049,0.279605
2026-06-18 06:52:18.315742,UDP,192.168.1.1,192.168.1.9,53,52468,0.581240,0.335808,0.082953
2026-06-18 06:22:56.221967,UDP,192.168.1.1,192.168.1.9,53,52507,0.422081,0.058590,0.519328
2026-06-18 06:20:08.732036,UDP,192.168.1.1,192.168.1.9,53,52718,0.312929,0.136702,0.550369
2026-06-18 07:04:52.563203,UDP,192.168.1.1,192.168.1.9,53,52833,0.743909,0.127098,0.128993
2026-06-18 07:12:55.711525,UDP,192.168.1.1,192.168.1.9,53,53075,0.645908,0.087236,0.266856
2026-06-18 06:21:08.289216,UDP,192.168.1.1,192.168.1.9,53,53168,0.768749,0.044946,0.186305
2026-06-18 06:52:18.536736,UDP,192.168.1.1,192.168.1.9,53,53176,0.641238,0.046611,0.312151
2026-06-18 06:52:18.315749,UDP,192.168.1.1,192.168.1.9,53,53194,0.805815,0.053723,0.140461
2026-06-18 06:52:18.315746,UDP,192.168.1.1,192.168.1.9,53,53435,0.665663,0.054514,0.279823
2026-06-18 06:20:07.970084,UDP,192.168.1.1,192.168.1.9,53,53486,0.419692,0.112534,0.467774
2026-06-18 06:50:23.264394,UDP,192.168.1.1,192.168.1.9,53,53528,0.558960,0.084619,0.356420
2026-06-18 06:42:09.879184,UDP,192.168.1.1,192.168.1.9,53,53628,0.408805,0.089076,0.502119
2026-06-18 06:20:40.768761,UDP,192.168.1.1,192.168.1.9,53,53668,0.495904,0.111825,0.392271
2026-06-18 06:23:16.643067,UDP,192.168.1.1,192.168.1.9,53,53780,0.600780,0.055314,0.343906
2026-06-18 06:38:04.596333,UDP,192.168.1.1,192.168.1.9,53,53805,0.556146,0.087962,0.355892
2026-06-18 06:23:21.312143,UDP,192.168.1.1,192.168.1.9,53,53899,0.349089,0.077922,0.572989
2026-06-18 06:50:22.894887,UDP,192.168.1.1,192.168.1.9,53,53933,0.444932,0.156863,0.398205
2026-06-18 07:04:52.563200,UDP,192.168.1.1,192.168.1.9,53,53951,0.824284,0.111007,0.064709
2026-06-18 06:21:26.694261,UDP,192.168.1.1,192.168.1.9,53,54003,0.612629,0.083783,0.303589
2026-06-18 06:21:26.714569,UDP,192.168.1.1,192.168.1.9,53,54132,0.708782,0.080276,0.210942
2026-06-18 06:52:18.535273,UDP,192.168.1.1,192.168.1.9,53,54149,0.622767,0.129308,0.247926
2026-06-18 06:52:18.315745,UDP,192.168.1.1,192.168.1.9,53,54154,0.649703,0.059349,0.290947
2026-06-18 06:52:18.860561,UDP,192.168.1.1,192.168.1.9,53,54315,0.720253,0.133982,0.145765
2026-06-18 06:20:25.039944,UDP,192.168.1.1,192.168.1.9,53,54338,0.593381,0.072576,0.334043
2026-06-18 06:54:02.166496,UDP,192.168.1.1,192.168.1.9,53,54426,0.585565,0.080952,0.333483
2026-06-18 06:52:18.315743,UDP,192.168.1.1,192.168.1.9,53,54528,0.498171,0.306641,0.195188
2026-06-18 06:22:56.321302,UDP,192.168.1.1,192.168.1.9,53,54591,0.672544,0.084001,0.243455
2026-06-18 06:20:42.534896,UDP,192.168.1.1,192.168.1.9,53,54631,0.405531,0.159265,0.435204
2026-06-18 06:55:01.441223,UDP,192.168.1.1,192.168.1.9,53,54730,0.536855,0.092541,0.370605
2026-06-18 07:04:52.563189,UDP,192.168.1.1,192.168.1.9,53,54798,0.545620,0.297636,0.156744
2026-06-18 06:20:25.062958,UDP,192.168.1.1,192.168.1.9,53,54812,0.523406,0.148217,0.328376
2026-06-18 06:53:42.860987,UDP,192.168.1.1,192.168.1.9,53,54879,0.422074,0.081917,0.496009
2026-06-18 06:21:30.116728,UDP,192.168.1.1,192.168.1.9,53,54881,0.506640,0.134109,0.359251
2026-06-18 06:27:57.579817,UDP,192.168.1.1,192.168.1.9,53,54898,0.392371,0.059677,0.547952
2026-06-18 06:52:18.315750,UDP,192.168.1.1,192.168.1.9,53,55068,0.818115,0.075411,0.106474
2026-06-18 06:20:41.014809,UDP,192.168.1.1,192.168.1.9,53,55127,0.547676,0.091580,0.360744
2026-06-18 06:38:04.596160,UDP,192.168.1.1,192.168.1.9,53,55282,0.678707,0.068091,0.253202
2026-06-18 06:23:21.321522,UDP,192.168.1.1,192.168.1.9,53,55291,0.372039,0.144710,0.483251
2026-06-18 06:20:24.724483,UDP,192.168.1.1,192.168.1.9,53,55329,0.580844,0.092686,0.326470
2026-06-18 06:52:18.536032,UDP,192.168.1.1,192.168.1.9,53,55425,0.727695,0.047173,0.225132
2026-06-18 06:20:11.867512,UDP,192.168.1.1,192.168.1.9,53,55481,0.642284,0.074460,0.283257
2026-06-18 06:52:18.402470,UDP,192.168.1.1,192.168.1.9,53,55690,0.529052,0.107253,0.363695
2026-06-18 07:04:52.563209,UDP,192.168.1.1,192.168.1.9,53,55706,0.410201,0.068453,0.521347
2026-06-18 06:21:27.926320,UDP,192.168.1.1,192.168.1.9,53,55778,0.723488,0.064622,0.211890
2026-06-18 06:52:18.536626,UDP,192.168.1.1,192.168.1.9,53,55878,0.673281,0.040977,0.285742
2026-06-18 06:20:11.769019,UDP,192.168.1.1,192.168.1.9,53,56007,0.531693,0.105663,0.362645
2026-06-18 06:22:56.320789,UDP,192.168.1.1,192.168.1.9,53,56220,0.619745,0.101192,0.279063
2026-06-18 06:23:21.312430,UDP,192.168.1.1,192.168.1.9,53,56414,0.380158,0.107008,0.512835
2026-06-18 06:27:57.589876,UDP,192.168.1.1,192.168.1.9,53,56523,0.556197,0.121282,0.322521
2026-06-18 06:23:16.689661,UDP,192.168.1.1,192.168.1.9,53,56551,0.467911,0.113628,0.418461
2026-06-18 06:54:18.252936,UDP,192.168.1.1,192.168.1.9,53,56608,0.519761,0.097825,0.382414
2026-06-18 06:21:13.588179,UDP,192.168.1.1,192.168.1.9,53,56867,0.641760,0.081716,0.276524
2026-06-18 06:25:08.273136,UDP,192.168.1.1,192.168.1.9,53,56928,0.567967,0.104360,0.327673
2026-06-18 06:20:08.118321,UDP,192.168.1.1,192.168.1.9,53,56947,0.641845,0.058327,0.299828
2026-06-18 06:53:52.316262,UDP,192.168.1.1,192.168.1.9,53,57063,0.594042,0.083665,0.322293
2026-06-18 06:53:46.880318,UDP,192.168.1.1,192.168.1.9,53,57088,0.544853,0.100173,0.354974
2026-06-18 06:50:22.895255,UDP,192.168.1.1,192.168.1.9,53,57282,0.456484,0.137149,0.406367
2026-06-18 06:20:24.724009,UDP,192.168.1.1,192.168.1.9,53,57412,0.608676,0.095816,0.295508
2026-06-18 06:42:55.735801,UDP,192.168.1.1,192.168.1.9,53,57657,0.570559,0.093320,0.336121
2026-06-18 06:52:18.315751,UDP,192.168.1.1,192.168.1.9,53,57761,0.558672,0.200330,0.240998
2026-06-18 07:04:52.563207,UDP,192.168.1.1,192.168.1.9,53,57790,0.499631,0.061482,0.438888
2026-06-18 06:52:18.315734,UDP,192.168.1.1,192.168.1.9,53,57825,0.544529,0.400447,0.055024
2026-06-18 06:53:52.316555,UDP,192.168.1.1,192.168.1.9,53,57830,0.628072,0.093180,0.278747
2026-06-18 06:54:57.749579,UDP,192.168.1.1,192.168.1.9,53,57852,0.572295,0.119370,0.308335
2026-06-18 06:52:18.315748,UDP,192.168.1.1,192.168.1.9,53,57944,0.598385,0.059678,0.341937
2026-06-18 06:25:08.272885,UDP,192.168.1.1,192.168.1.9,53,58066,0.561776,0.094764,0.343461
2026-06-18 06:20:11.777647,UDP,192.168.1.1,192.168.1.9,53,58119,0.596621,0.096718,0.306661
2026-06-18 06:21:27.924698,UDP,192.168.1.1,192.168.1.9,53,58490,0.561614,0.082436,0.355950
2026-06-18 06:21:27.925107,UDP,192.168.1.1,192.168.1.9,53,58711,0.584176,0.111760,0.304064
2026-06-18 06:23:16.699110,UDP,192.168.1.1,192.168.1.9,53,58734,0.538969,0.087305,0.373725
2026-06-18 06:20:11.769595,UDP,192.168.1.1,192.168.1.9,53,58742,0.409930,0.058223,0.531847
2026-06-18 07:04:52.563212,UDP,192.168.1.1,192.168.1.9,53,58824,0.682980,0.077391,0.239629
2026-06-18 06:23:17.842022,UDP,192.168.1.1,192.168.1.9,53,58871,0.485900,0.146288,0.367811
2026-06-18 06:54:57.750144,UDP,192.168.1.1,192.168.1.9,53,58883,0.669674,0.063842,0.266484
2026-06-18 07:04:52.563197,UDP,192.168.1.1,192.168.1.9,53,58963,0.567805,0.379659,0.052536
2026-06-18 07:08:45.616321,UDP,192.168.1.1,192.168.1.9,53,59089,0.547714,0.072637,0.379649
2026-06-18 06:50:05.337951,UDP,192.168.1.1,192.168.1.9,53,59190,0.598032,0.058343,0.343625
2026-06-18 06:53:43.204203,UDP,192.168.1.1,192.168.1.9,53,59473,0.645342,0.073195,0.281463
2026-06-18 06:52:18.550357,UDP,192.168.1.1,192.168.1.9,53,59488,0.612379,0.076377,0.311244
2026-06-18 06:54:57.471230,UDP,192.168.1.1,192.168.1.9,53,59516,0.633186,0.084560,0.282254
2026-06-18 06:20:25.031656,UDP,192.168.1.1,192.168.1.9,53,59523,0.382390,0.065232,0.552378
2026-06-18 07:04:52.563195,UDP,192.168.1.1,192.168.1.9,53,59569,0.350387,0.276060,0.373552
2026-06-18 06:20:12.649882,UDP,192.168.1.1,192.168.1.9,53,59616,0.494612,0.054199,0.451189
2026-06-18 06:20:24.734086,UDP,192.168.1.1,192.168.1.9,53,59845,0.480887,0.115445,0.403668
2026-06-18 06:20:25.031229,UDP,192.168.1.1,192.168.1.9,53,60122,0.368676,0.076652,0.554671
2026-06-18 07:04:52.563210,UDP,192.168.1.1,192.168.1.9,53,60410,0.527509,0.150971,0.321521
2026-06-18 06:23:09.765712,UDP,192.168.1.1,192.168.1.9,53,60448,0.500867,0.135977,0.363156
2026-06-18 06:21:13.600272,UDP,192.168.1.1,192.168.1.9,53,60498,0.630833,0.076106,0.293061
2026-06-18 06:50:05.338360,UDP,192.168.1.1,192.168.1.9,53,60693,0.554029,0.073890,0.372081
2026-06-18 06:53:46.120711,UDP,192.168.1.1,192.168.1.9,53,60718,0.346580,0.130901,0.522518
2026-06-18 06:52:18.315738,UDP,192.168.1.1,192.168.1.9,53,60762,0.832981,0.111380,0.055639
2026-06-18 06:54:18.160550,UDP,192.168.1.1,192.168.1.9,53,60961,0.704017,0.066652,0.229331
2026-06-18 06:53:46.120938,UDP,192.168.1.1,192.168.1.9,53,61045,0.474560,0.134106,0.391333
2026-06-18 06:52:18.535922,UDP,192.168.1.1,192.168.1.9,53,61110,0.657423,0.063496,0.279081
2026-06-18 06:52:18.860214,UDP,192.168.1.1,192.168.1.9,53,61153,0.707048,0.054701,0.238251
2026-06-18 06:27:57.579511,UDP,192.168.1.1,192.168.1.9,53,61193,0.423476,0.079148,0.497376
2026-06-18 06:53:43.203684,UDP,192.168.1.1,192.168.1.9,53,61362,0.460900,0.093279,0.445822
2026-06-18 06:52:18.315740,UDP,192.168.1.1,192.168.1.9,53,61375,0.850743,0.094699,0.054558
2026-06-18 06:20:40.438525,UDP,192.168.1.1,192.168.1.9,53,61642,0.441446,0.090916,0.467637
2026-06-18 06:20:09.061807,UDP,192.168.1.1,192.168.1.9,53,61734,0.482354,0.104106,0.413540
2026-06-18 06:22:58.791050,UDP,192.168.1.1,192.168.1.9,53,61916,0.514692,0.128743,0.356565
2026-06-18 06:23:17.831597,UDP,192.168.1.1,192.168.1.9,53,62086,0.325292,0.064112,0.610596
2026-06-18 06:52:18.550666,UDP,192.168.1.1,192.168.1.9,53,62170,0.729144,0.037683,0.233172
2026-06-18 06:20:08.129632,UDP,192.168.1.1,192.168.1.9,53,62202,0.623490,0.054264,0.322246
2026-06-18 06:21:13.587752,UDP,192.168.1.1,192.168.1.9,53,62221,0.646360,0.067748,0.285892
2026-06-18 06:54:57.746822,UDP,192.168.1.1,192.168.1.9,53,62451,0.446357,0.120299,0.433344
2026-06-18 06:21:08.256727,UDP,192.168.1.1,192.168.1.9,53,62512,0.549137,0.120582,0.330280
2026-06-18 06:52:18.315753,UDP,192.168.1.1,192.168.1.9,53,62625,0.500049,0.192211,0.307740
2026-06-18 06:20:07.726302,UDP,192.168.1.1,192.168.1.9,53,62675,0.627123,0.094355,0.278522
2026-06-18 06:52:18.535103,UDP,192.168.1.1,192.168.1.9,53,62865,0.580115,0.129993,0.289892
2026-06-18 06:42:09.891797,UDP,192.168.1.1,192.168.1.9,53,62873,0.468674,0.117210,0.414116
2026-06-18 06:21:13.755386,UDP,192.168.1.1,192.168.1.9,53,62877,0.542599,0.080655,0.376746
2026-06-18 06:52:18.315747,UDP,192.168.1.1,192.168.1.9,53,63010,0.482779,0.130533,0.386688
2026-06-18 06:53:42.882110,UDP,192.168.1.1,192.168.1.9,53,63296,0.509985,0.086368,0.403647
2026-06-18 07:04:52.563242,UDP,192.168.1.1,192.168.1.9,53,63433,0.571720,0.163593,0.264687
2026-06-18 06:52:18.315730,UDP,192.168.1.1,192.168.1.9,53,63444,0.441977,0.204663,0.353360
2026-06-18 06:50:23.843755,UDP,192.168.1.1,192.168.1.9,53,63455,0.376695,0.192960,0.430344
2026-06-18 06:50:22.917082,UDP,192.168.1.1,192.168.1.9,53,63573,0.523690,0.105899,0.370411
2026-06-18 06:52:18.315744,UDP,192.168.1.1,192.168.1.9,53,63604,0.574944,0.066867,0.358189
2026-06-18 06:22:58.790779,UDP,192.168.1.1,192.168.1.9,53,63711,0.545720,0.094998,0.359282
2026-06-18 07:04:52.563207,UDP,192.168.1.1,192.168.1.9,53,63944,0.696253,0.048510,0.255237
2026-06-18 06:22:56.222156,UDP,192.168.1.1,192.168.1.9,53,63997,0.564027,0.061119,0.374854
2026-06-18 06:22:56.233142,UDP,192.168.1.1,192.168.1.9,53,64174,0.609379,0.080793,0.309829
2026-06-18 06:42:55.736248,UDP,192.168.1.1,192.168.1.9,53,64179,0.611595,0.072633,0.315772
2026-06-18 06:23:17.831764,UDP,192.168.1.1,192.168.1.9,53,64442,0.318365,0.077721,0.603913
2026-06-18 06:21:13.755906,UDP,192.168.1.1,192.168.1.9,53,64583,0.621064,0.077894,0.301041
2026-06-18 06:21:08.256376,UDP,192.168.1.1,192.168.1.9,53,64627,0.548634,0.092147,0.359219
2026-06-18 06:42:09.891118,UDP,192.168.1.1,192.168.1.9,53,64659,0.525711,0.117263,0.357026
2026-06-18 06:20:25.063276,UDP,192.168.1.1,192.168.1.9,53,64718,0.421469,0.139318,0.439213
2026-06-18 06:20:25.071600,UDP,192.168.1.1,192.168.1.9,53,64743,0.681791,0.040799,0.277411
2026-06-18 06:21:13.544182,UDP,192.168.1.1,192.168.1.9,53,64809,0.493072,0.136699,0.370228
2026-06-18 06:53:36.695777,UDP,192.168.1.1,192.168.1.9,53,64871,0.554804,0.110783,0.334413
2026-06-18 06:20:09.062274,UDP,192.168.1.1,192.168.1.9,53,64913,0.508277,0.105254,0.386469
2026-06-18 06:52:18.315736,UDP,192.168.1.1,192.168.1.9,53,64998,0.779487,0.126990,0.093523
2026-06-18 06:20:07.738502,UDP,192.168.1.1,192.168.1.9,53,65090,0.676699,0.046283,0.277018
2026-06-18 06:20:11.867782,UDP,192.168.1.1,192.168.1.9,53,65183,0.668001,0.071350,0.260650
2026-06-18 07:12:55.711747,UDP,192.168.1.1,192.168.1.9,53,65193,0.604555,0.089585,0.305860
2026-06-18 06:20:12.649362,UDP,192.168.1.1,192.168.1.9,53,65402,0.537799,0.061119,0.401082
2026-06-18 06:52:18.413110,UDP,192.168.1.1,192.168.1.9,67,68,0.742801,0.020857,0.236341
2026-06-18 06:40:21.983282,UDP,192.168.1.255,192.168.1.9,137,137,0.412665,0.221365,0.365970
2026-06-18 07:07:34.914384,UDP,192.168.1.2,224.0.0.251,5353,5353,0.865343,0.091276,0.043381
2026-06-18 06:43:31.487129,UDP,192.168.1.3,239.255.255.250,38112,1900,0.428378,0.061729,0.509892
2026-06-18 06:48:31.418548,UDP,192.168.1.3,239.255.255.250,38529,1900,0.413416,0.056118,0.530466
2026-06-18 06:42:20.320176,UDP,192.168.1.3,239.255.255.250,40461,1900,0.396088,0.049570,0.554342
2026-06-18 06:42:20.321278,UDP,192.168.1.3,239.255.255.250,41734,1900,0.408745,0.056151,0.535104
2026-06-18 06:42:21.392785,UDP,192.168.1.3,239.255.255.250,41785,1900,0.410706,0.053875,0.535420
2026-06-18 06:47:31.513013,UDP,192.168.1.3,239.255.255.250,43321,1900,0.427263,0.049024,0.523713
2026-06-18 06:45:31.499778,UDP,192.168.1.3,239.255.255.250,43770,1900,0.480437,0.050123,0.469440
2026-06-18 06:44:31.492100,UDP,192.168.1.3,239.255.255.250,44160,1900,0.422137,0.052383,0.525480
2026-06-18 06:42:31.477715,UDP,192.168.1.3,239.255.255.250,45445,1900,0.422606,0.059485,0.517909
2026-06-18 06:46:31.505814,UDP,192.168.1.3,239.255.255.250,45836,1900,0.424584,0.050149,0.525267
2026-06-18 06:49:31.433447,UDP,192.168.1.3,239.255.255.250,46936,1900,0.462583,0.053296,0.484121
2026-06-18 06:50:31.438794,UDP,192.168.1.3,239.255.255.250,48725,1900,0.466784,0.050923,0.482293
2026-06-18 06:42:22.057317,UDP,192.168.1.3,224.0.0.251,5353,5353,0.842752,0.107880,0.049368
2026-06-18 06:20:08.356627,UDP,192.168.1.4,224.0.0.251,5353,5353,0.925690,0.054330,0.019980
2026-06-18 06:52:18.315790,UDP,192.168.1.5,192.168.1.9,5353,5353,0.927201,0.033537,0.039262
2026-06-18 06:27:12.792521,UDP,192.168.1.5,224.0.0.251,5353,5353,0.909688,0.049491,0.040821
2026-06-18 07:17:05.138782,UDP,192.168.1.6,255.255.255.255,50782,1716,0.409890,0.066814,0.523296
2026-06-18 06:20:10.558973,UDP,192.168.1.6,224.0.0.251,5353,5353,0.922534,0.048405,0.029060
2026-06-18 07:15:16.900004,UDP,192.168.1.6,255.255.255.255,58256,1716,0.381442,0.057805,0.560753
2026-06-18 06:19:33.942021,UDP,192.168.1.8,239.255.255.250,49838,3702,0.870458,0.065120,0.064421
2026-06-18 06:21:04.560472,UDP,192.168.1.8,224.0.0.251,5353,5353,0.795937,0.124749,0.079314
2026-06-18 06:29:02.570292,UDP,192.168.1.8,239.255.255.250,54001,3702,0.876739,0.066331,0.056930
2026-06-18 06:59:02.813332,UDP,192.168.1.8,239.255.255.250,54821,3702,0.893477,0.061857,0.044667
2026-06-18 07:09:02.801856,UDP,192.168.1.8,239.255.255.250,60583,3702,0.927961,0.034983,0.037056
2026-06-18 06:39:02.805725,UDP,192.168.1.8,239.255.255.250,62209,3702,0.884357,0.063461,0.052183
2026-06-18 06:49:02.794796,UDP,192.168.1.8,239.255.255.250,62328,3702,0.868301,0.073853,0.057846
2026-06-18 06:23:11.235553,UDP,192.168.1.9,216.239.36.223,49443,443,0.892892,0.061303,0.045805
2026-06-18 06:53:46.154007,UDP,192.168.1.9,216.239.34.223,50204,443,0.886725,0.077748,0.035527
2026-06-18 06:20:08.932014,UDP,192.168.1.9,23.46.207.43,50391,443,0.847591,0.062211,0.090198
2026-06-18 06:20:45.709907,UDP,192.168.1.9,192.178.158.100,50783,443,0.889991,0.078705,0.031304
2026-06-18 06:20:43.962375,UDP,192.168.1.9,192.178.158.100,51633,443,0.880398,0.088523,0.031079
2026-06-18 06:20:50.027495,UDP,192.168.1.9,192.178.158.100,51781,443,0.903944,0.044354,0.051702
2026-06-18 06:23:10.329078,UDP,192.168.1.9,216.239.36.223,51805,443,0.889594,0.052853,0.057553
2026-06-18 06:20:08.763511,UDP,192.168.1.9,23.46.207.43,52321,443,0.857508,0.069303,0.073190
2026-06-18 06:20:50.680108,UDP,192.168.1.9,192.178.158.100,52812,443,0.940910,0.036095,0.022994
2026-06-18 06:53:46.424159,UDP,192.168.1.9,216.239.38.223,52827,443,0.898751,0.061959,0.039290
2026-06-18 06:20:49.303043,UDP,192.168.1.9,192.178.158.100,52932,443,0.912513,0.054711,0.032776
2026-06-18 06:20:08.172130,UDP,192.168.1.9,224.0.0.251,5353,5353,0.859286,0.055712,0.085003
2026-06-18 06:23:09.785584,UDP,192.168.1.9,216.239.36.223,54033,443,0.904134,0.047454,0.048412
2026-06-18 06:20:51.780356,UDP,192.168.1.9,192.178.158.100,54308,443,0.905639,0.045712,0.048649
2026-06-18 06:20:45.163867,UDP,192.168.1.9,192.178.158.100,55100,443,0.884088,0.055042,0.060870
2026-06-18 06:20:53.090233,UDP,192.168.1.9,192.178.158.100,55829,443,0.861537,0.091673,0.046790
2026-06-18 06:20:42.799960,UDP,192.168.1.9,192.178.158.100,56118,443,0.914994,0.049247,0.035759
2026-06-18 06:53:46.779368,UDP,192.168.1.9,216.239.34.223,57068,443,0.882604,0.066572,0.050824
2026-06-18 06:23:10.679281,UDP,192.168.1.9,216.239.36.223,57681,443,0.889446,0.049134,0.061420
2026-06-18 06:50:22.921977,UDP,192.168.1.9,23.46.207.43,57702,443,0.870940,0.047579,0.081481
2026-06-18 06:20:43.142215,UDP,192.168.1.9,192.178.158.102,57737,443,0.867904,0.045670,0.086426
2026-06-18 06:20:52.283005,UDP,192.168.1.9,192.178.158.100,57759,443,0.886744,0.053873,0.059383
2026-06-18 06:20:44.502824,UDP,192.168.1.9,192.178.158.100,58001,443,0.889149,0.060757,0.050094
2026-06-18 06:20:48.650944,UDP,192.168.1.9,192.178.158.100,59503,443,0.899068,0.044151,0.056781
2026-06-18 06:20:47.153163,UDP,192.168.1.9,192.178.158.100,61742,443,0.908648,0.047712,0.043641
2026-06-18 06:20:51.194421,UDP,192.168.1.9,192.178.158.100,61796,443,0.894032,0.044418,0.061550
2026-06-18 06:20:46.358901,UDP,192.168.1.9,192.178.158.100,62088,443,0.863963,0.087056,0.048981
2026-06-18 06:20:41.857700,UDP,192.168.1.9,192.178.158.100,62461,443,0.857639,0.080972,0.061389
2026-06-18 06:53:47.199935,UDP,192.168.1.9,216.239.38.223,62907,443,0.885728,0.058400,0.055872
2026-06-18 06:53:48.441679,UDP,192.168.1.9,216.239.32.223,63061,443,0.902710,0.072270,0.025020
